INSERT INTO entrenamiento (id, nombre, categoria, recursos_multimedia, grupo_muscular, objetivos, planificacion_frecuencia) VALUES
                                                                                                                                (1, 'Entrenamiento de Pecho Avanzado', 'musculacion', NULL, 'pecho', 'aumentar masa muscular', '3 veces por semana'),
                                                                                                                                (2, 'Mantenimiento de Piernas', 'mantinimiento', NULL, 'piernas', 'mantener tono muscular', '2 veces por semana'),
                                                                                                                                (3, 'Abdomen pesocorporal', 'pesocorporal', NULL, 'abdomen', 'reducir grasa abdominal', '4 veces por semana'),
                                                                                                                                (4, 'Cardio Completo', 'cardio', NULL, 'cuerpo completo', 'mejorar resistencia', '5 veces por semana'),
                                                                                                                                (5, 'Fuerza de Espalda', 'musculacion', NULL, 'espalda', 'aumentar fuerza', '3 veces por semana'),
                                                                                                                                (6, 'Definición de Brazos', 'mantinimiento', NULL, 'brazos', 'mantener definición', '2 veces por semana'),
                                                                                                                                (7, 'Tonificación de Piernas', 'pesocorporal', NULL, 'piernas', 'tonificar', '3 veces por semana'),
                                                                                                                                (8, 'Cardio Cardiovascular', 'cardio', NULL, 'corazón', 'mejorar salud cardiovascular', '6 veces por semana'),
                                                                                                                                (9, 'Masa Muscular Hombros', 'musculacion', NULL, 'hombros', 'aumentar masa muscular', '3 veces por semana'),
                                                                                                                                (10, 'Mantenimiento Completo', 'mantinimiento', NULL, 'cuerpo completo', 'mantener forma física', '2 veces por semana'),
                                                                                                                                (11, 'Tonificación de Glúteos', 'pesocorporal', NULL, 'glúteos', 'tonificar y levantar', '3 veces por semana'),
                                                                                                                                (12, 'Cardio de Velocidad', 'cardio', NULL, 'piernas', 'mejorar velocidad', '4 veces por semana'),
                                                                                                                                (13, 'Volumen de Tríceps', 'musculacion', NULL, 'tríceps', 'aumentar volumen', '3 veces por semana'),
                                                                                                                                (14, 'Tono Abdominal', 'mantinimiento', NULL, 'abdomen', 'mantener tono abdominal', '2 veces por semana'),
                                                                                                                                (15, 'Reducción Grasa Corporal', 'pesocorporal', NULL, 'cuerpo completo', 'reducir grasa corporal', '5 veces por semana'),
                                                                                                                                (16, 'Capacidad Pulmonar', 'cardio', NULL, 'pulmones', 'mejorar capacidad pulmonar', '5 veces por semana'),
                                                                                                                                (17, 'Masa de Bíceps', 'musculacion', NULL, 'bíceps', 'aumentar masa muscular', '3 veces por semana'),
                                                                                                                                (18, 'Fuerza de Espalda Mantenimiento', 'mantinimiento', NULL, 'espalda', 'mantener fuerza', '2 veces por semana'),
                                                                                                                                (19, 'Tonificación de Pecho', 'pesocorporal', NULL, 'pecho', 'tonificar', '3 veces por semana'),
                                                                                                                                (20, 'Resistencia General', 'cardio', NULL, 'cuerpo completo', 'mejorar resistencia general', '6 veces por semana');
INSERT INTO detalles_entrenamientos (id, volumen_repeticiones, descansos, detalles_ejercicios, identrenamiento_id) VALUES
                                                                                                                       (1, 10, 1.5, 'Press de banca, aperturas, fondos', 1),
                                                                                                                       (2, 15, 2.0, 'Sentadillas, prensa de piernas, zancadas', 2),
                                                                                                                       (3, 20, 1.0, 'Abdominales, planchas, elevaciones de piernas', 3),
                                                                                                                       (4, 30, 1.0, 'Correr, saltar la cuerda, bicicleta', 4),
                                                                                                                       (5, 10, 2.0, 'Peso muerto, remo, dominadas', 5),
                                                                                                                       (6, 12, 1.5, 'Curl de bíceps, extensiones de tríceps, flexiones de brazos', 6),
                                                                                                                       (7, 15, 2.0, 'Zancadas, elevaciones de talones, sentadillas', 7),
                                                                                                                       (8, 25, 1.0, 'Correr, natación, bicicleta', 8),
                                                                                                                       (9, 12, 1.5, 'Press militar, elevaciones laterales, remo al mentón', 9),
                                                                                                                       (10, 20, 2.0, 'Circuito de cuerpo completo', 10),
                                                                                                                       (11, 15, 1.5, 'Sentadillas, puentes, patadas de glúteos', 11),
                                                                                                                       (12, 20, 1.0, 'Sprint, correr, bicicleta', 12),
                                                                                                                       (13, 12, 2.0, 'Extensiones de tríceps, fondos, patadas', 13),
                                                                                                                       (14, 20, 1.5, 'Abdominales, planchas, torsiones rusas', 14),
                                                                                                                       (15, 30, 1.0, 'Burpees, saltos, escaladores', 15),
                                                                                                                       (16, 25, 1.0, 'Correr, nadar, saltar la cuerda', 16),
                                                                                                                       (17, 12, 1.5, 'Curl de bíceps, martillo, concentrado', 17),
                                                                                                                       (18, 15, 2.0, 'Peso muerto, remo, jalones', 18),
                                                                                                                       (19, 10, 1.5, 'Press de banca, aperturas, flexiones', 19),
                                                                                                                       (20, 30, 1.0, 'Correr, saltar la cuerda, bicicleta', 20);
INSERT INTO dieta (id, nombre, objetivos, categoria, recursos_multimedia, planificacion_frecuencia, idcontactodieta, descripcion) VALUES
                                                                                                                                      (51, 'Dieta Alta en Proteínas', 'Aumentar la masa muscular mediante una alta ingesta de proteínas.', 'aumentodemasamuscular', NULL, 'Diario', NULL, 'Una dieta rica en proteínas para fomentar el crecimiento muscular, ideal para personas que buscan ganar masa muscular rápidamente.'),
                                                                                                                                      (52, 'Dieta de Definición', 'Reducir el porcentaje de grasa corporal mientras se mantiene la masa muscular.', 'perdidadepeso', NULL, 'Semanal', NULL, 'Diseñada para esculpir el cuerpo reduciendo grasa mientras se preserva la masa muscular.'),
                                                                                                                                      (53, 'Dieta para Aumento de Peso Rápido', 'Incrementar el peso corporal mediante una alta ingesta calórica.', 'aumentodepeso', NULL, 'Diario', NULL, 'Focalizada en aumentar el peso corporal mediante una alta ingesta de calorías, ideal para personas que buscan ganar peso rápidamente.'),
                                                                                                                                      (54, 'Dieta de Carga de Carbohidratos para Deportistas', 'Optimizar el rendimiento deportivo mediante una alta ingesta de carbohidratos.', 'dietadeportiva', NULL, 'Mensual', NULL, 'Una dieta que maximiza el rendimiento deportivo con una ingesta alta de carbohidratos para proveer energía extra.'),
                                                                                                                                      (55, 'Dieta Baja en Carbohidratos para Reducción de Grasa', 'Reducir grasa corporal manteniendo una ingesta baja en carbohidratos.', 'perdidadepeso', NULL, 'Diario', NULL, 'Reduce la grasa corporal a través de una baja ingesta de carbohidratos, promoviendo la quema de grasa.'),
                                                                                                                                      (56, 'Dieta de Ganancia Muscular para Ectomorfos', 'Optimizar la ganancia muscular en personas con metabolismo rápido.', 'aumentodemasamuscular', NULL, 'Semanal', NULL, 'Especialmente formulada para ectomorfos, personas con un metabolismo rápido que buscan ganar masa muscular.'),
                                                                                                                                      (57, 'Dieta de Alta Calorías para Deportistas', 'Aumentar el rendimiento y la recuperación mediante una alta ingesta calórica.', 'dietadeportiva', NULL, 'Diario', NULL, 'Destinada a deportistas que necesitan una alta cantidad de calorías para mejorar su rendimiento y acelerar la recuperación.'),
                                                                                                                                      (58, 'Dieta de Balance de Macronutrientes para Aumento de Masa', 'Equilibrar macronutrientes para maximizar el aumento de masa muscular.', 'aumentodemasamuscular', NULL, 'Quincenal', NULL, 'Equilibra los macronutrientes para maximizar el crecimiento muscular y optimizar la composición corporal.'),
                                                                                                                                      (59, 'Dieta Cetogénica para Perdida de Peso', 'Reducir peso con una dieta alta en grasas y baja en carbohidratos.', 'perdidadepeso', NULL, 'Mensual', NULL, 'Una dieta alta en grasas y baja en carbohidratos que promueve la pérdida de peso a través de la cetosis.'),
                                                                                                                                      (60, 'Dieta para Aumento de Peso con Proteínas', 'Aumentar el peso corporal con una dieta rica en proteínas.', 'aumentodepeso', NULL, 'Diario', NULL, 'Diseñada para incrementar el peso corporal mediante una alta ingesta de proteínas.'),
                                                                                                                                      (61, 'Dieta de Recuperación Rápida para Deportistas', 'Mejorar la recuperación post-ejercicio con una dieta específica.', 'dietadeportiva', NULL, 'Semanal', NULL, 'Optimiza la recuperación post-ejercicio con una dieta adaptada a las necesidades de los deportistas.'),
                                                                                                                                      (62, 'Dieta de Reducción de Calorías para Pérdida de Peso', 'Reducir calorías para favorecer la pérdida de peso.', 'perdidadepeso', NULL, 'Diario', NULL, 'Una dieta de bajo contenido calórico para apoyar la pérdida de peso de manera efectiva.'),
                                                                                                                                      (63, 'Dieta Alta en Carbohidratos para Aumento de Masa', 'Aumentar la masa muscular con una alta ingesta de carbohidratos.', 'aumentodemasamuscular', NULL, 'Mensual', NULL, 'Incrementa la masa muscular mediante una dieta alta en carbohidratos para maximizar el crecimiento muscular.'),
                                                                                                                                      (64, 'Dieta para Aumento de Peso en Adolescentes', 'Optimizar el aumento de peso en adolescentes mediante una dieta adecuada.', 'aumentodepeso', NULL, 'Diario', NULL, 'Enfocada en el aumento de peso saludable para adolescentes en crecimiento, con una dieta adecuada a sus necesidades.'),
                                                                                                                                      (65, 'Dieta para Rendimiento Deportivo Máximo', 'Maximizar el rendimiento en deportes con una dieta adaptada.', 'dietadeportiva', NULL, 'Semanal', NULL, 'Optimiza el rendimiento deportivo con una dieta adaptada a las exigencias del deporte.'),
                                                                                                                                      (66, 'Dieta de Bajo Contenido en Grasa para Perdida de Peso', 'Reducir el contenido graso para facilitar la pérdida de peso.', 'perdidadepeso', NULL, 'Diario', NULL, 'Reducir el contenido graso en la dieta para facilitar una pérdida de peso efectiva.'),
                                                                                                                                      (67, 'Dieta Hipercalórica para Ganancia Muscular', 'Aumentar la masa muscular mediante una dieta hipercalórica.', 'aumentodemasamuscular', NULL, 'Quincenal', NULL, 'Una dieta hipercalórica diseñada para fomentar el crecimiento muscular mediante una alta ingesta de calorías.'),
                                                                                                                                      (68, 'Dieta de Recuperación Post-Entrenamiento', 'Optimizar la recuperación después del entrenamiento con una dieta específica.', 'dietadeportiva', NULL, 'Mensual', NULL, 'Mejora la recuperación post-entrenamiento con una dieta específica que ayuda a reponer nutrientes y acelerar la recuperación.'),
                                                                                                                                      (69, 'Dieta de Reducción de Peso con Ayuno Intermitente', 'Utilizar el ayuno intermitente para perder peso.', 'perdidadepeso', NULL, 'Semanal', NULL, 'Incorpora el ayuno intermitente para reducir el peso corporal mediante un patrón de alimentación controlado.'),
                                                                                                                                      (70, 'Dieta de Aumento de Masa Muscular para Endomorfos', 'Aumentar la masa muscular en personas con tendencia a ganar grasa.', 'aumentodemasamuscular', NULL, 'Diario', NULL, 'Adaptada para endomorfos, personas con tendencia a ganar grasa, para optimizar el crecimiento muscular sin excesiva acumulación de grasa.'),
                                                                                                                                      (71, 'Dieta de Alto Contenido Energético para Deportistas', 'Incrementar la energía disponible para atletas mediante una dieta adecuada.', 'dietadeportiva', NULL, 'Diario', NULL, 'Proporciona una alta cantidad de energía para satisfacer las necesidades de los atletas y mejorar el rendimiento.'),
                                                                                                                                      (72, 'Dieta para Ganancia de Peso con Suplementos', 'Aumentar el peso corporal con la ayuda de suplementos específicos.', 'aumentodepeso', NULL, 'Quincenal', NULL, 'Utiliza suplementos específicos para ayudar a aumentar el peso corporal de manera efectiva.'),
                                                                                                                                      (73, 'Dieta de Bajo Contenido de Calorías para Perdida de Peso', 'Reducir calorías para facilitar la pérdida de peso.', 'perdidadepeso', NULL, 'Mensual', NULL, 'Una dieta de bajo contenido calórico para promover la pérdida de peso y mejorar la composición corporal.'),
                                                                                                                                      (74, 'Dieta de Alta en Proteínas para Deportistas', 'Optimizar el rendimiento deportivo mediante una alta ingesta de proteínas.', 'dietadeportiva', NULL, 'Diario', NULL, 'Aumenta el rendimiento deportivo con una alta ingesta de proteínas para apoyar el crecimiento y la recuperación muscular.'),
                                                                                                                                      (75, 'Dieta de Alta en Carbohidratos para Aumento de Peso', 'Aumentar el peso corporal con una dieta rica en carbohidratos.', 'aumentodepeso', NULL, 'Mensual', NULL, 'Diseñada para incrementar el peso corporal a través de una alta ingesta de carbohidratos para promover la ganancia de peso.'),
                                                                                                                                      (76, 'Dieta para Aumento de Masa Muscular con Carb. Complejos', 'Incrementar la masa muscular mediante carbohidratos complejos.', 'aumentodemasamuscular', NULL, 'Semanal', NULL, 'Fomenta el crecimiento muscular utilizando carbohidratos complejos que proporcionan energía sostenida.'),
                                                                                                                                      (77, 'Dieta de Baja en Calorías y Alta en Proteínas', 'Reducir calorías mientras se mantiene una alta ingesta de proteínas.', 'perdidadepeso', NULL, 'Diario', NULL, 'Mantiene una alta ingesta de proteínas para preservar la masa muscular mientras se reduce la ingesta calórica.'),
                                                                                                                                      (78, 'Dieta de Aumento de Peso con Carbohidratos y Grasas Saludables', 'Incrementar el peso corporal con carbohidratos y grasas saludables.', 'aumentodepeso', NULL, 'Diario', NULL, 'Promueve el aumento de peso con una combinación de carbohidratos y grasas saludables para una ganancia equilibrada.'),
                                                                                                                                      (79, 'Dieta de Recuperación de Energía para Deportistas', 'Optimizar la recuperación y los niveles de energía post-entrenamiento.', 'dietadeportiva', NULL, 'Semanal', NULL, 'Facilita la recuperación y repone los niveles de energía después de entrenamientos intensos.'),
                                                                                                                                      (80, 'Dieta para Reducción de Grasa Corporal con Ejercicio', 'Reducir la grasa corporal con una dieta adaptada al ejercicio.', 'perdidadepeso', NULL, 'Quincenal', NULL, 'Combina una dieta adecuada con ejercicio para reducir la grasa corporal y mejorar la salud.'),
                                                                                                                                      (81, 'Dieta de Aumento de Masa Muscular con Alta Caloría', 'Aumentar la masa muscular mediante una alta ingesta calórica.', 'aumentodemasamuscular', NULL, 'Diario', NULL, 'Focalizada en la ganancia de masa muscular a través de una alta ingesta calórica diaria.'),
                                                                                                                                      (82, 'Dieta para Aumento de Peso con Entrenamiento de Fuerza', 'Optimizar el aumento de peso con entrenamiento de fuerza y dieta.', 'aumentodepeso', NULL, 'Mensual', NULL, 'Aumenta el peso corporal combinando un entrenamiento de fuerza adecuado con una dieta específica.'),
                                                                                                                                      (83, 'Dieta para Rendimiento en Competencias Deportivas', 'Mejorar el rendimiento en competencias con una dieta específica.', 'dietadeportiva', NULL, 'Diario', NULL, 'Preparación nutricional específica para mejorar el rendimiento durante competencias deportivas.'),
                                                                                                                                      (84, 'Dieta de Reducción de Peso con Alto Contenido en Fibra', 'Facilitar la pérdida de peso con una alta ingesta de fibra.', 'perdidadepeso', NULL, 'Semanal', NULL, 'Facilita la pérdida de peso aumentando la ingesta de fibra para mejorar la saciedad y la digestión.'),
                                                                                                                                      (85, 'Dieta de Aumento de Masa Muscular con Suplementos', 'Aumentar la masa muscular con el uso de suplementos específicos.', 'aumentodemasamuscular', NULL, 'Diario', NULL, 'Incorpora suplementos específicos para apoyar y optimizar el aumento de masa muscular.'),
                                                                                                                                      (86, 'Dieta para Aumento de Peso con Proteínas y Carbohidratos', 'Incrementar el peso corporal con una dieta rica en proteínas y carbohidratos.', 'aumentodepeso', NULL, 'Semanal', NULL, 'Aumenta el peso corporal mediante una dieta rica en proteínas y carbohidratos para una ganancia equilibrada.'),
                                                                                                                                      (87, 'Dieta de Alto Rendimiento para Atletas', 'Mejorar el rendimiento en deportes con una dieta adaptada.', 'dietadeportiva', NULL, 'Quincenal', NULL, 'Diseñada para maximizar el rendimiento de los atletas con una dieta específica para sus necesidades.'),
                                                                                                                                      (88, 'Dieta de Reducción de Peso con Baja Ingesta de Grasas', 'Reducir la grasa corporal con una dieta baja en grasas.', 'perdidadepeso', NULL, 'Mensual', NULL, 'Facilita la pérdida de peso con una dieta baja en grasas para reducir el contenido graso corporal.'),
                                                                                                                                      (89, 'Dieta de Aumento de Masa Muscular con Carbohidratos Ricos', 'Optimizar la ganancia muscular mediante carbohidratos ricos en nutrientes.', 'aumentodemasamuscular', NULL, 'Diario', NULL, 'Optimiza la ganancia muscular utilizando carbohidratos ricos en nutrientes para una mejor recuperación y crecimiento.'),
                                                                                                                                      (90, 'Dieta para Aumento de Peso con Comidas Frecuentes', 'Incrementar el peso corporal con comidas frecuentes y ricas en nutrientes.', 'aumentodepeso', NULL, 'Diario', NULL, 'Promueve el aumento de peso mediante comidas frecuentes y nutritivas para maximizar la ingesta calórica.'),
                                                                                                                                      (91, 'Dieta de Optimización de Rendimiento Deportivo', 'Maximizar el rendimiento en deportes con una dieta específica.', 'dietadeportiva', NULL, 'Semanal', NULL, 'Maximiza el rendimiento deportivo con una dieta adaptada a las necesidades del atleta.'),
                                                                                                                                      (92, 'Dieta de Reducción de Peso con Ejercicio Intenso', 'Perder peso mediante una dieta adaptada a un ejercicio intenso.', 'perdidadepeso', NULL, 'Quincenal', NULL, 'Apoya la pérdida de peso mediante una dieta adaptada a un régimen de ejercicio intenso para obtener resultados efectivos.');
INSERT INTO proveedores (id, nombre, contacto, direccion) VALUES
                                                              (1, 'Proveedor A', 'contactoA@example.com', 'Calle Falsa 123, Ciudad A'),
                                                              (2, 'Proveedor B', 'contactoB@example.com', 'Avenida Siempre Viva 742, Ciudad B'),
                                                              (3, 'Proveedor C', 'contactoC@example.com', 'Bulevar de los Sueños Rotos 45, Ciudad C'),
                                                              (4, 'Proveedor D', 'contactoD@example.com', 'Calle del Sol 98, Ciudad D'),
                                                              (5, 'Proveedor E', 'contactoE@example.com', 'Calle Luna 23, Ciudad E'),
                                                              (6, 'Proveedor F', 'contactoF@example.com', 'Plaza Mayor 11, Ciudad F'),
                                                              (7, 'Proveedor G', 'contactoG@example.com', 'Calle de la Esperanza 89, Ciudad G'),
                                                              (8, 'Proveedor H', 'contactoH@example.com', 'Avenida del Río 76, Ciudad H'),
                                                              (9, 'Proveedor I', 'contactoI@example.com', 'Calle del Valle 55, Ciudad I'),
                                                              (10, 'Proveedor J', 'contactoJ@example.com', 'Calle de la Alegría 34, Ciudad J');

INSERT INTO productos (id, codigo, nombre, descripcion, categoria, precio, stock, proveedor_id) VALUES
                                                                                                    (5, 'P005', 'Proteína Caseína', 'Proteína de digestión lenta', 'proteina', 29.99, 80, 1),
                                                                                                    (6, 'P006', 'Proteína Vegana', 'Proteína vegetal de alta calidad', 'proteina', 27.99, 90, 1),
                                                                                                    (7, 'P007', 'Creatina HCL', 'Creatina de rápida absorción', 'creatina', 22.99, 60, 2),
                                                                                                    (8, 'P008', 'Creatina Micronizada', 'Creatina con mejor solubilidad', 'creatina', 21.99, 55, 2),
                                                                                                    (9, 'P009', 'Snack de Almendras', 'Barra saludable con almendras', 'snacks', 1.99, 150, 3),
                                                                                                    (10, 'P010', 'Snack de Avena', 'Barra energética de avena', 'snacks', 2.49, 160, 3),
                                                                                                    (11, 'P011', 'Vitaminas B12', 'Suplemento de vitamina B12', 'vitaminas', 9.99, 70, 4),
                                                                                                    (12, 'P012', 'Vitamina D3', 'Suplemento de vitamina D3', 'vitaminas', 12.99, 65, 4),
                                                                                                    (13, 'P013', 'Proteína Hidrolizada', 'Proteína de suero hidrolizada', 'proteina', 32.99, 85, 1),
                                                                                                    (14, 'P014', 'Proteína de Huevo', 'Proteína de clara de huevo', 'proteina', 28.99, 95, 1),
                                                                                                    (15, 'P015', 'Creatina Citrato', 'Creatina con mejor absorción', 'creatina', 24.99, 45, 2),
                                                                                                    (16, 'P016', 'Creatina Etil Ester', 'Creatina mejorada para la absorción', 'creatina', 23.99, 50, 2),
                                                                                                    (17, 'P017', 'Snack de Nueces', 'Barra energética con nueces', 'snacks', 2.29, 140, 3),
                                                                                                    (18, 'P018', 'Snack de Coco', 'Barra de coco y chocolate', 'snacks', 2.79, 130, 3),
                                                                                                    (19, 'P019', 'Vitamina C', 'Suplemento de vitamina C', 'vitaminas', 8.99, 85, 4),
                                                                                                    (20, 'P020', 'Vitamina E', 'Suplemento de vitamina E', 'vitaminas', 10.99, 80, 4),
                                                                                                    (21, 'P021', 'Proteína de Soja', 'Proteína vegetal de soja', 'proteina', 26.99, 70, 1),
                                                                                                    (22, 'P022', 'Proteína de Arroz', 'Proteína vegetal de arroz', 'proteina', 27.49, 75, 1),
                                                                                                    (23, 'P023', 'Creatina Nitrato', 'Creatina con nitrato para mejor rendimiento', 'creatina', 25.99, 40, 2),
                                                                                                    (24, 'P024', 'Creatina AKG', 'Creatina alfa-cetoglutarato', 'creatina', 24.49, 60, 2),
                                                                                                    (25, 'P025', 'Snack de Frutas', 'Barra con frutas deshidratadas', 'snacks', 1.79, 170, 3),
                                                                                                    (26, 'P026', 'Snack de Chocolate', 'Barra de chocolate negro', 'snacks', 2.99, 180, 3),
                                                                                                    (27, 'P027', 'Vitamina K2', 'Suplemento de vitamina K2', 'vitaminas', 13.99, 55, 4),
                                                                                                    (28, 'P028', 'Vitamina B6', 'Suplemento de vitamina B6', 'vitaminas', 7.99, 65, 4),
                                                                                                    (29, 'P029', 'Proteína de Cáñamo', 'Proteína vegetal de cáñamo', 'proteina', 31.99, 50, 1),
                                                                                                    (30, 'P030', 'Proteína de Guisante', 'Proteína vegetal de guisante', 'proteina', 29.49, 60, 1),
                                                                                                    (31, 'P031', 'Creatina Magnesio Quelato', 'Creatina con magnesio', 'creatina', 26.99, 35, 2),
                                                                                                    (32, 'P032', 'Creatina Phosphate', 'Creatina fosfato', 'creatina', 25.49, 45, 2),
                                                                                                    (33, 'P033', 'Snack de Semillas', 'Barra de semillas y miel', 'snacks', 2.49, 190, 3),
                                                                                                    (34, 'P034', 'Snack de Arándanos', 'Barra con arándanos y avena', 'snacks', 2.99, 160, 3),
                                                                                                    (35, 'P035', 'Vitamina A', 'Suplemento de vitamina A', 'vitaminas', 9.49, 75, 4),
                                                                                                    (36, 'P036', 'Vitamina B Complex', 'Complejo de vitaminas B', 'vitaminas', 11.99, 70, 4),
                                                                                                    (37, 'P037', 'Proteína de Chía', 'Proteína vegetal de chía', 'proteina', 30.99, 55, 1),
                                                                                                    (38, 'P038', 'Proteína de Altramuz', 'Proteína vegetal de altramuz', 'proteina', 28.49, 65, 1),
                                                                                                    (39, 'P039', 'Creatina Monohidrato Micronizado', 'Creatina monohidrato micronizado', 'creatina', 27.99, 50, 2),
                                                                                                    (40, 'P040', 'Creatina Kre-Alkalyn', 'Creatina con pH balanceado', 'creatina', 26.49, 45, 2),
                                                                                                    (41, 'P041', 'Snack de Cacahuetes', 'Barra energética con cacahuetes', 'snacks', 1.99, 150, 3),
                                                                                                    (42, 'P042', 'Snack de Mantequilla de Maní', 'Barra de mantequilla de maní', 'snacks', 2.79, 180, 3),
                                                                                                    (43, 'P043', 'Vitamina Zinc', 'Suplemento de zinc', 'vitaminas', 10.99, 80, 4),
                                                                                                    (44, 'P044', 'Vitamina Magnesio', 'Suplemento de magnesio', 'vitaminas', 12.49, 75, 4),
                                                                                                    (45, 'P045', 'Proteína de Algas', 'Proteína vegetal de algas', 'proteina', 32.99, 40, 1),
                                                                                                    (46, 'P046', 'Proteína de Amaranto', 'Proteína vegetal de amaranto', 'proteina', 30.49, 50, 1),
                                                                                                    (47, 'P047', 'Creatina Líquida', 'Creatina en forma líquida', 'creatina', 28.99, 30, 2),
                                                                                                    (48, 'P048', 'Creatina Effervescent', 'Creatina efervescente', 'creatina', 27.49, 35, 2),
                                                                                                    (49, 'P049', 'Snack de Pistachos', 'Barra de pistachos y miel', 'snacks', 2.49, 160, 3),
                                                                                                    (50, 'P050', 'Snack de Macadamia', 'Barra de nueces de macadamia', 'snacks', 2.99, 140, 3),
                                                                                                    (51, 'P051', 'Vitamina Omega-3', 'Suplemento de ácidos grasos omega-3', 'vitaminas', 14.99, 60, 4),
                                                                                                    (52, 'P052', 'Vitamina C con Zinc', 'Suplemento de vitamina C y zinc', 'vitaminas', 13.49, 70, 4),
                                                                                                    (53, 'P053', 'Proteína de Lentejas', 'Proteína vegetal de lentejas', 'proteina', 27.99, 55, 1),
                                                                                                    (54, 'P054', 'Proteína de Calabaza', 'Proteína vegetal de semillas de calabaza', 'proteina', 29.49, 65, 1);