INSERT INTO entrenamiento (id, nombre, categoria, recursos_multimedia, grupo_muscular, objetivos, planificacion_frecuencia) VALUES
                                                                                                                                (1, 'Entrenamiento de Pecho Avanzado', 'musculacion', NULL, 'pecho', 'aumentar masa muscular', '3 veces por semana'),
                                                                                                                                (2, 'Mantenimiento de Piernas', 'mantinimiento', NULL, 'piernas', 'mantener tono muscular', '2 veces por semana'),
                                                                                                                                (3, 'Abdomen pesocorporal', 'pesocorporal', NULL, 'abdomen', 'reducir grasa abdominal', '4 veces por semana'),
                                                                                                                                (4, 'Cardio Completo', 'cardio', NULL, 'cuerpo completo', 'mejorar resistencia', '5 veces por semana'),
                                                                                                                                (5, 'Fuerza de Espalda', 'musculacion', NULL, 'espalda', 'aumentar fuerza', '3 veces por semana'),
                                                                                                                                (6, 'Definición de Brazos', 'mantinimiento', NULL, 'brazos', 'mantener definición', '2 veces por semana'),
                                                                                                                                (7, 'Tonificación de Piernas', 'pesocorporal', NULL, 'piernas', 'tonificar', '3 veces por semana'),
                                                                                                                                (8, 'Cardio Cardiovascular', 'cardio', NULL, 'corazón', 'mejorar salud cardiovascular', '6 veces por semana'),
                                                                                                                                (9, 'Masa Muscular Hombros', 'musculacion', NULL, 'hombros', 'aumentar masa muscular', '3 veces por semana'),
                                                                                                                                (10, 'Mantenimiento Completo', 'mantinimiento', NULL, 'cuerpo completo', 'mantener forma física', '2 veces por semana'),
                                                                                                                                (11, 'Tonificación de Glúteos', 'pesocorporal', NULL, 'glúteos', 'tonificar y levantar', '3 veces por semana'),
                                                                                                                                (12, 'Cardio de Velocidad', 'cardio', NULL, 'piernas', 'mejorar velocidad', '4 veces por semana'),
                                                                                                                                (13, 'Volumen de Tríceps', 'musculacion', NULL, 'tríceps', 'aumentar volumen', '3 veces por semana'),
                                                                                                                                (14, 'Tono Abdominal', 'mantinimiento', NULL, 'abdomen', 'mantener tono abdominal', '2 veces por semana'),
                                                                                                                                (15, 'Reducción Grasa Corporal', 'pesocorporal', NULL, 'cuerpo completo', 'reducir grasa corporal', '5 veces por semana'),
                                                                                                                                (16, 'Capacidad Pulmonar', 'cardio', NULL, 'pulmones', 'mejorar capacidad pulmonar', '5 veces por semana'),
                                                                                                                                (17, 'Masa de Bíceps', 'musculacion', NULL, 'bíceps', 'aumentar masa muscular', '3 veces por semana'),
                                                                                                                                (18, 'Fuerza de Espalda Mantenimiento', 'mantinimiento', NULL, 'espalda', 'mantener fuerza', '2 veces por semana'),
                                                                                                                                (19, 'Tonificación de Pecho', 'pesocorporal', NULL, 'pecho', 'tonificar', '3 veces por semana'),
                                                                                                                                (20, 'Resistencia General', 'cardio', NULL, 'cuerpo completo', 'mejorar resistencia general', '6 veces por semana');
INSERT INTO detalles_entrenamientos (id, volumen_repeticiones, descansos, detalles_ejercicios, identrenamiento_id) VALUES
                                                                                                                       (1, 10, 1.5, 'Press de banca, aperturas, fondos', 1),
                                                                                                                       (2, 15, 2.0, 'Sentadillas, prensa de piernas, zancadas', 2),
                                                                                                                       (3, 20, 1.0, 'Abdominales, planchas, elevaciones de piernas', 3),
                                                                                                                       (4, 30, 1.0, 'Correr, saltar la cuerda, bicicleta', 4),
                                                                                                                       (5, 10, 2.0, 'Peso muerto, remo, dominadas', 5),
                                                                                                                       (6, 12, 1.5, 'Curl de bíceps, extensiones de tríceps, flexiones de brazos', 6),
                                                                                                                       (7, 15, 2.0, 'Zancadas, elevaciones de talones, sentadillas', 7),
                                                                                                                       (8, 25, 1.0, 'Correr, natación, bicicleta', 8),
                                                                                                                       (9, 12, 1.5, 'Press militar, elevaciones laterales, remo al mentón', 9),
                                                                                                                       (10, 20, 2.0, 'Circuito de cuerpo completo', 10),
                                                                                                                       (11, 15, 1.5, 'Sentadillas, puentes, patadas de glúteos', 11),
                                                                                                                       (12, 20, 1.0, 'Sprint, correr, bicicleta', 12),
                                                                                                                       (13, 12, 2.0, 'Extensiones de tríceps, fondos, patadas', 13),
                                                                                                                       (14, 20, 1.5, 'Abdominales, planchas, torsiones rusas', 14),
                                                                                                                       (15, 30, 1.0, 'Burpees, saltos, escaladores', 15),
                                                                                                                       (16, 25, 1.0, 'Correr, nadar, saltar la cuerda', 16),
                                                                                                                       (17, 12, 1.5, 'Curl de bíceps, martillo, concentrado', 17),
                                                                                                                       (18, 15, 2.0, 'Peso muerto, remo, jalones', 18),
                                                                                                                       (19, 10, 1.5, 'Press de banca, aperturas, flexiones', 19),
                                                                                                                       (20, 30, 1.0, 'Correr, saltar la cuerda, bicicleta', 20);
INSERT INTO dieta (id, nombre, objetivos, categoria, recursos_multimedia, planificacion_frecuencia, idcontactodieta) VALUES
                                                                                                                         (6, 'Dieta Paleolítica', 'Seguir un patrón alimenticio basado en alimentos disponibles para nuestros ancestros.', 'Paleo', NULL, 'Diario', NULL),
                                                                                                                         (7, 'Dieta Sin Gluten', 'Eliminar el gluten para mejorar la digestión y reducir la inflamación.', 'Sin Gluten', NULL, 'Semanal', NULL),
                                                                                                                         (8, 'Dieta de Desintoxicación', 'Eliminar toxinas del cuerpo mediante una dieta rica en nutrientes.', 'Detox', NULL, 'Quincenal', NULL),
                                                                                                                         (9, 'Dieta Low Carb', 'Reducir el consumo de carbohidratos para perder peso y mejorar la salud metabólica.', 'Baja en Carbohidratos', NULL, 'Mensual', NULL),
                                                                                                                         (10, 'Dieta de Carga de Carbohidratos', 'Aumentar el rendimiento deportivo y la masa muscular con ciclos de carga de carbohidratos.', 'Deportiva', NULL, 'Diario', NULL),
                                                                                                                         (11, 'Dieta de Intermittent Fasting', 'Implementar períodos de ayuno para mejorar la salud y perder peso.', 'Ayuno Intermitente', NULL, 'Semanal', NULL),
                                                                                                                         (12, 'Dieta de Bajo Índice Glucémico', 'Controlar los niveles de azúcar en sangre mediante alimentos con bajo índice glucémico.', 'Índice Glucémico Bajo', NULL, 'Quincenal', NULL),
                                                                                                                         (13, 'Dieta de Alimentos Crudos', 'Consumir alimentos no procesados y crudos para mejorar la salud general.', 'Crudiveganismo', NULL, 'Mensual', NULL),
                                                                                                                         (14, 'Dieta de Ganancia Muscular', 'Maximizar la ganancia muscular con una dieta rica en proteínas y calorías.', 'Deportiva', NULL, 'Diario', NULL),
                                                                                                                         (15, 'Dieta Vegana Cruda', 'Seguir una dieta vegana con alimentos crudos para maximizar los beneficios de la dieta vegetal.', 'Vegana Cruda', NULL, 'Semanal', NULL),
                                                                                                                         (16, 'Dieta de Restricción Calórica', 'Reducir el consumo de calorías para promover la longevidad y la pérdida de peso.', 'Restricción Calórica', NULL, 'Quincenal', NULL),
                                                                                                                         (17, 'Dieta de Bajo Contenido de Sodio', 'Reducir el consumo de sodio para controlar la presión arterial y mejorar la salud cardíaca.', 'Bajo Sodio', NULL, 'Mensual', NULL),
                                                                                                                         (18, 'Dieta de Alto Contenido de Fibra', 'Aumentar la ingesta de fibra para mejorar la digestión y la salud intestinal.', 'Alta en Fibra', NULL, 'Diario', NULL),
                                                                                                                         (19, 'Dieta de Bajo Contenido en Grasas', 'Reducir la ingesta de grasas para controlar el peso y mejorar la salud general.', 'Bajo en Grasas', NULL, 'Semanal', NULL),
                                                                                                                         (20, 'Dieta Mediterránea Vegana', 'Adaptar la dieta mediterránea a un enfoque vegano para beneficios combinados.', 'Mediterránea Vegana', NULL, 'Quincenal', NULL),
                                                                                                                         (21, 'Dieta de Ayuno de Agua', 'Realizar ayunos con solo agua para promover la desintoxicación y pérdida de peso.', 'Ayuno de Agua', NULL, 'Mensual', NULL),
                                                                                                                         (22, 'Dieta para Diabetes Tipo 2', 'Controlar el azúcar en sangre mediante una dieta adaptada a la diabetes tipo 2.', 'Diabetes Tipo 2', NULL, 'Diario', NULL),
                                                                                                                         (23, 'Dieta Cetogénica Vegana', 'Combinar la dieta cetogénica con un enfoque vegano para beneficios adicionales.', 'Cetogénica Vegana', NULL, 'Semanal', NULL),
                                                                                                                         (24, 'Dieta de Bajo Contenido de Carbohidratos y Grasas', 'Combinar bajo contenido de carbohidratos y grasas para la pérdida de peso.', 'Bajo en Carb./Grasas', NULL, 'Quincenal', NULL),
                                                                                                                         (25, 'Dieta de Suplementación Deportiva', 'Aumentar el rendimiento deportivo mediante el uso de suplementos específicos.', 'Deportiva', NULL, 'Mensual', NULL),
                                                                                                                         (26, 'Dieta Detox de Jugo', 'Realizar una desintoxicación mediante el consumo de jugos frescos.', 'Detox Jugo', NULL, 'Diario', NULL),
                                                                                                                         (27, 'Dieta de Bajo Contenido en Lactosa', 'Eliminar la lactosa para mejorar la digestión en personas intolerantes.', 'Bajo Lactosa', NULL, 'Semanal', NULL),
                                                                                                                         (28, 'Dieta para Aumento de Energía', 'Optimizar los niveles de energía mediante una dieta adaptada.', 'Energía', NULL, 'Quincenal', NULL),
                                                                                                                         (29, 'Dieta Alta en Omega-3', 'Incrementar la ingesta de omega-3 para mejorar la salud cardiovascular y cerebral.', 'Omega-3', NULL, 'Mensual', NULL),
                                                                                                                         (30, 'Dieta Antiinflamatoria', 'Reducir la inflamación en el cuerpo mediante alimentos antiinflamatorios.', 'Antiinflamatoria', NULL, 'Diario', NULL),
                                                                                                                         (31, 'Dieta para Salud Digestiva', 'Mejorar la salud digestiva con una dieta rica en probióticos y prebióticos.', 'Digestiva', NULL, 'Semanal', NULL),
                                                                                                                         (32, 'Dieta Baja en Colesterol', 'Reducir el colesterol mediante una dieta baja en grasas saturadas y trans.', 'Bajo Colesterol', NULL, 'Quincenal', NULL),
                                                                                                                         (33, 'Dieta de Desintoxicación de 3 Días', 'Realizar una desintoxicación rápida para limpiar el sistema.', 'Detox 3 Días', NULL, 'Mensual', NULL),
                                                                                                                         (34, 'Dieta de Baja Carga de Carbohidratos', 'Limitar la carga de carbohidratos para mejorar la salud metabólica.', 'Baja Carga Carb.', NULL, 'Diario', NULL),
                                                                                                                         (35, 'Dieta para Control de la Presión Arterial', 'Controlar la presión arterial mediante una dieta específica.', 'Presión Arterial', NULL, 'Semanal', NULL),
                                                                                                                         (36, 'Dieta de Alimentación Consciente', 'Practicar la alimentación consciente para mejorar la relación con la comida.', 'Consciente', NULL, 'Quincenal', NULL),
                                                                                                                         (37, 'Dieta de Alimentos Fermentados', 'Incluir alimentos fermentados para mejorar la salud intestinal.', 'Fermentados', NULL, 'Mensual', NULL),
                                                                                                                         (38, 'Dieta de Alto Contenido en Proteínas Vegetales', 'Maximizar la ingesta de proteínas vegetales para deportistas y veganos.', 'Proteínas Vegetales', NULL, 'Diario', NULL),
                                                                                                                         (39, 'Dieta de Bajo Contenido en Azúcar', 'Reducir la ingesta de azúcar para controlar el peso y la salud metabólica.', 'Bajo Azúcar', NULL, 'Semanal', NULL),
                                                                                                                         (40, 'Dieta de Recuperación Post-Ejercicio', 'Optimizar la recuperación después del ejercicio con una dieta adecuada.', 'Recuperación', NULL, 'Quincenal', NULL),
                                                                                                                         (41, 'Dieta de Bajo Contenido en FODMAP', 'Reducir los alimentos con FODMAP para mejorar la digestión en personas con síndrome del intestino irritable.', 'Bajo FODMAP', NULL, 'Mensual', NULL),
                                                                                                                         (42, 'Dieta de Control de Estrés', 'Reducir el estrés mediante una dieta rica en nutrientes específicos.', 'Control de Estrés', NULL, 'Diario', NULL),
                                                                                                                         (43, 'Dieta para Salud de la Piel', 'Mejorar la salud de la piel mediante una dieta rica en antioxidantes.', 'Salud de la Piel', NULL, 'Semanal', NULL),
                                                                                                                         (44, 'Dieta Alta en Zinc', 'Aumentar la ingesta de zinc para mejorar la función inmunológica.', 'Alta en Zinc', NULL, 'Quincenal', NULL),
                                                                                                                         (45, 'Dieta para Rendimiento Mental', 'Optimizar el rendimiento cognitivo mediante una dieta específica.', 'Rendimiento Mental', NULL, 'Mensual', NULL),
                                                                                                                         (46, 'Dieta para Reducción de Ansiedad', 'Reducir la ansiedad mediante una dieta adecuada.', 'Reducción Ansiedad', NULL, 'Diario', NULL),
                                                                                                                         (47, 'Dieta con Enfoque en Probióticos', 'Incluir alimentos ricos en probióticos para mejorar la salud intestinal.', 'Probióticos', NULL, 'Semanal', NULL),
                                                                                                                         (48, 'Dieta de Bajo Contenido en Aditivos', 'Eliminar aditivos y conservantes para una dieta más limpia.', 'Bajo Aditivos', NULL, 'Quincenal', NULL),
                                                                                                                         (49, 'Dieta de Apoyo al Sistema Inmunológico', 'Fortalecer el sistema inmunológico con alimentos específicos.', 'Sistema Inmunológico', NULL, 'Mensual', NULL);

