INSERT INTO entrenamiento (id, nombre, categoria, recursos_multimedia, grupo_muscular, objetivos, planificacion_frecuencia, dificultad) VALUES
                                                                                                                                            (1, 'Entrenamiento de Pecho Avanzado', 'musculacion', NULL, 'pecho', 'aumentar masa muscular', '3 veces por semana', 'avanzado'),
                                                                                                                                            (2, 'Mantenimiento de Piernas', 'mantinimiento', NULL, 'piernas', 'mantener tono muscular', '2 veces por semana', 'intermedio'),
                                                                                                                                            (3, 'Abdomen pesocorporal', 'pesocorporal', NULL, 'abdomen', 'reducir grasa abdominal', '4 veces por semana', 'principiante'),
                                                                                                                                            (4, 'Cardio Completo', 'cardio', NULL, 'cuerpo completo', 'mejorar resistencia', '5 veces por semana', 'intermedio'),
                                                                                                                                            (5, 'Fuerza de Espalda', 'musculacion', NULL, 'espalda', 'aumentar fuerza', '3 veces por semana', 'avanzado'),
                                                                                                                                            (6, 'Definición de Brazos', 'mantinimiento', NULL, 'brazos', 'mantener definición', '2 veces por semana', 'principiante'),
                                                                                                                                            (7, 'Tonificación de Piernas', 'pesocorporal', NULL, 'piernas', 'tonificar', '3 veces por semana', 'intermedio'),
                                                                                                                                            (8, 'Cardio Cardiovascular', 'cardio', NULL, 'corazón', 'mejorar salud cardiovascular', '6 veces por semana', 'avanzado'),
                                                                                                                                            (9, 'Masa Muscular Hombros', 'musculacion', NULL, 'hombros', 'aumentar masa muscular', '3 veces por semana', 'avanzado'),
                                                                                                                                            (10, 'Mantenimiento Completo', 'mantinimiento', NULL, 'cuerpo completo', 'mantener forma física', '2 veces por semana', 'principiante'),
                                                                                                                                            (11, 'Tonificación de Glúteos', 'pesocorporal', NULL, 'glúteos', 'tonificar y levantar', '3 veces por semana', 'intermedio'),
                                                                                                                                            (12, 'Cardio de Velocidad', 'cardio', NULL, 'piernas', 'mejorar velocidad', '4 veces por semana', 'intermedio'),
                                                                                                                                            (13, 'Volumen de Tríceps', 'musculacion', NULL, 'tríceps', 'aumentar volumen', '3 veces por semana', 'avanzado'),
                                                                                                                                            (14, 'Tono Abdominal', 'mantinimiento', NULL, 'abdomen', 'mantener tono abdominal', '2 veces por semana', 'principiante'),
                                                                                                                                            (15, 'Reducción Grasa Corporal', 'pesocorporal', NULL, 'cuerpo completo', 'reducir grasa corporal', '5 veces por semana', 'intermedio'),
                                                                                                                                            (16, 'Capacidad Pulmonar', 'cardio', NULL, 'pulmones', 'mejorar capacidad pulmonar', '5 veces por semana', 'intermedio'),
                                                                                                                                            (17, 'Masa de Bíceps', 'musculacion', NULL, 'bíceps', 'aumentar masa muscular', '3 veces por semana', 'avanzado'),
                                                                                                                                            (18, 'Fuerza de Espalda Mantenimiento', 'mantinimiento', NULL, 'espalda', 'mantener fuerza', '2 veces por semana', 'principiante'),
                                                                                                                                            (19, 'Tonificación de Pecho', 'pesocorporal', NULL, 'pecho', 'tonificar', '3 veces por semana', 'intermedio'),
                                                                                                                                            (20, 'Resistencia General', 'cardio', NULL, 'cuerpo completo', 'mejorar resistencia general', '6 veces por semana', 'avanzado'),
                                                                                                                                            (21, 'Cardio Interválico', 'cardio', NULL, 'cuerpo completo', 'mejorar resistencia y quema de grasa', '4 veces por semana', 'intermedio'),
                                                                                                                                            (22, 'Caminata Rápida', 'cardio', NULL, 'piernas', 'mejorar resistencia cardiovascular', '5 veces por semana', 'principiante'),
                                                                                                                                            (23, 'Entrenamiento de HIIT', 'cardio', NULL, 'cuerpo completo', 'aumentar capacidad cardiovascular', '3 veces por semana', 'avanzado'),
                                                                                                                                            (24, 'Circuito de Cardio', 'cardio', NULL, 'cuerpo completo', 'mejorar resistencia y fuerza', '4 veces por semana', 'intermedio'),
                                                                                                                                            (25, 'Entrenamiento de Zancadas', 'cardio', NULL, 'piernas', 'aumentar resistencia en las piernas', '5 veces por semana', 'principiante'),
                                                                                                                                            (26, 'Sprints Cortos', 'cardio', NULL, 'piernas', 'mejorar velocidad y resistencia', '3 veces por semana', 'avanzado'),
                                                                                                                                            (27, 'Cardio con Escalera', 'cardio', NULL, 'cuerpo completo', 'aumentar fuerza y resistencia cardiovascular', '4 veces por semana', 'intermedio'),
                                                                                                                                            (28, 'Bicicleta Estática', 'cardio', NULL, 'piernas', 'mejorar capacidad cardiovascular', '5 veces por semana', 'principiante'),
                                                                                                                                            (29, 'Cardio con Pesas', 'cardio', NULL, 'cuerpo completo', 'aumentar resistencia y tonificación', '3 veces por semana', 'intermedio'),
                                                                                                                                            (30, 'Entrenamiento de Cuerda', 'cardio', NULL, 'cuerpo completo', 'mejorar coordinación y resistencia', '5 veces por semana', 'principiante'),
                                                                                                                                            (31, 'Cardio de Alta Intensidad', 'cardio', NULL, 'cuerpo completo', 'mejorar resistencia y quema de calorías', '4 veces por semana', 'avanzado'),
                                                                                                                                            (32, 'Subida de Montaña', 'cardio', NULL, 'piernas', 'aumentar resistencia y fuerza en las piernas', '5 veces por semana', 'intermedio'),
                                                                                                                                            (33, 'Entrenamiento de Boxeo', 'cardio', NULL, 'cuerpo completo', 'mejorar resistencia cardiovascular y fuerza', '3 veces por semana', 'avanzado'),
                                                                                                                                            (34, 'Cardio en el Agua', 'cardio', NULL, 'cuerpo completo', 'mejorar resistencia y reducir impacto', '4 veces por semana', 'intermedio'),
                                                                                                                                            (35, 'Escalador de Montaña', 'cardio', NULL, 'cuerpo completo', 'mejorar resistencia y fuerza', '5 veces por semana', 'intermedio'),
                                                                                                                                            (36, 'Cardio con Bandas Elásticas', 'cardio', NULL, 'cuerpo completo', 'aumentar resistencia y tonificación', '3 veces por semana', 'principiante'),
                                                                                                                                            (37, 'Entrenamiento de Trote', 'cardio', NULL, 'piernas', 'mejorar resistencia cardiovascular', '5 veces por semana', 'principiante'),
                                                                                                                                            (38, 'Cardio de Sprints en Cuesta', 'cardio', NULL, 'piernas', 'aumentar resistencia y fuerza', '4 veces por semana', 'intermedio'),
                                                                                                                                            (39, 'Cardio de Saltos', 'cardio', NULL, 'cuerpo completo', 'mejorar coordinación y resistencia', '5 veces por semana', 'principiante'),
                                                                                                                                            (40, 'Entrenamiento de Kickboxing', 'cardio', NULL, 'cuerpo completo', 'mejorar resistencia y quema de calorías', '3 veces por semana', 'avanzado'),
                                                                                                                                            (41, 'Cardio con Estaciones', 'cardio', NULL, 'cuerpo completo', 'mejorar resistencia y fuerza', '4 veces por semana', 'intermedio'),
                                                                                                                                            (42, 'Cardio en Cinta', 'cardio', NULL, 'piernas', 'aumentar capacidad cardiovascular', '5 veces por semana', 'principiante'),
                                                                                                                                            (43, 'Entrenamiento de Core y Cardio', 'cardio', NULL, 'cuerpo completo', 'mejorar resistencia y fuerza del core', '3 veces por semana', 'intermedio'),
                                                                                                                                            (44, 'Cardio con Pesas Rusas', 'cardio', NULL, 'cuerpo completo', 'aumentar resistencia y tonificación', '4 veces por semana', 'avanzado'),
                                                                                                                                            (45, 'Entrenamiento en el Elíptico', 'cardio', NULL, 'cuerpo completo', 'mejorar resistencia cardiovascular', '5 veces por semana', 'principiante');



INSERT INTO detalles_entrenamientos (id, volumen_repeticiones, descansos, detalles_ejercicios, identrenamiento_id) VALUES
                                                                                                                       (1, 10, 1.5, 'Press de banca, aperturas, fondos', 1),
                                                                                                                       (2, 15, 2.0, 'Sentadillas, prensa de piernas, zancadas', 2),
                                                                                                                       (3, 20, 1.0, 'Abdominales, planchas, elevaciones de piernas', 3),
                                                                                                                       (4, 30, 1.0, 'Correr, saltar la cuerda, bicicleta', 4),
                                                                                                                       (5, 10, 2.0, 'Peso muerto, remo, dominadas', 5),
                                                                                                                       (6, 12, 1.5, 'Curl de bíceps, extensiones de tríceps, flexiones de brazos', 6),
                                                                                                                       (7, 15, 2.0, 'Zancadas, elevaciones de talones, sentadillas', 7),
                                                                                                                       (8, 25, 1.0, 'Correr, natación, bicicleta', 8),
                                                                                                                       (9, 12, 1.5, 'Press militar, elevaciones laterales, remo al mentón', 9),
                                                                                                                       (10, 20, 2.0, 'Circuito de cuerpo completo', 10),
                                                                                                                       (11, 15, 1.5, 'Sentadillas, puentes, patadas de glúteos', 11),
                                                                                                                       (12, 20, 1.0, 'Sprint, correr, bicicleta', 12),
                                                                                                                       (13, 12, 2.0, 'Extensiones de tríceps, fondos, patadas', 13),
                                                                                                                       (14, 20, 1.5, 'Abdominales, planchas, torsiones rusas', 14),
                                                                                                                       (15, 30, 1.0, 'Burpees, saltos, escaladores', 15),
                                                                                                                       (16, 25, 1.0, 'Correr, nadar, saltar la cuerda', 16),
                                                                                                                       (17, 12, 1.5, 'Curl de bíceps, martillo, concentrado', 17),
                                                                                                                       (18, 15, 2.0, 'Peso muerto, remo, jalones', 18),
                                                                                                                       (19, 10, 1.5, 'Press de banca, aperturas, flexiones', 19),
                                                                                                                       (20, 30, 1.0, 'Correr, saltar la cuerda, bicicleta', 20);

INSERT INTO proveedores (id, nombre, contacto, direccion) VALUES
                                                              (1, 'Proveedor A', 'contactoA@example.com', 'Calle Falsa 123, Ciudad A'),
                                                              (2, 'Proveedor B', 'contactoB@example.com', 'Avenida Siempre Viva 742, Ciudad B'),
                                                              (3, 'Proveedor C', 'contactoC@example.com', 'Bulevar de los Sueños Rotos 45, Ciudad C'),
                                                              (4, 'Proveedor D', 'contactoD@example.com', 'Calle del Sol 98, Ciudad D'),
                                                              (5, 'Proveedor E', 'contactoE@example.com', 'Calle Luna 23, Ciudad E'),
                                                              (6, 'Proveedor F', 'contactoF@example.com', 'Plaza Mayor 11, Ciudad F'),
                                                              (7, 'Proveedor G', 'contactoG@example.com', 'Calle de la Esperanza 89, Ciudad G'),
                                                              (8, 'Proveedor H', 'contactoH@example.com', 'Avenida del Río 76, Ciudad H'),
                                                              (9, 'Proveedor I', 'contactoI@example.com', 'Calle del Valle 55, Ciudad I'),
                                                              (10, 'Proveedor J', 'contactoJ@example.com', 'Calle de la Alegría 34, Ciudad J');

INSERT INTO productos (id, codigo, nombre, descripcion, categoria, precio, stock, proveedor_id) VALUES
                                                                                                    (5, 'P005', 'Proteína Caseína', 'Proteína de digestión lenta', 'proteina', 29.99, 80, 1),
                                                                                                    (6, 'P006', 'Proteína Vegana', 'Proteína vegetal de alta calidad', 'proteina', 27.99, 90, 1),
                                                                                                    (7, 'P007', 'Creatina HCL', 'Creatina de rápida absorción', 'creatina', 22.99, 60, 2),
                                                                                                    (8, 'P008', 'Creatina Micronizada', 'Creatina con mejor solubilidad', 'creatina', 21.99, 55, 2),
                                                                                                    (9, 'P009', 'Snack de Almendras', 'Barra saludable con almendras', 'snacks', 1.99, 150, 3),
                                                                                                    (10, 'P010', 'Snack de Avena', 'Barra energética de avena', 'snacks', 2.49, 160, 3),
                                                                                                    (11, 'P011', 'Vitaminas B12', 'Suplemento de vitamina B12', 'vitaminas', 9.99, 70, 4),
                                                                                                    (12, 'P012', 'Vitamina D3', 'Suplemento de vitamina D3', 'vitaminas', 12.99, 65, 4),
                                                                                                    (13, 'P013', 'Proteína Hidrolizada', 'Proteína de suero hidrolizada', 'proteina', 32.99, 85, 1),
                                                                                                    (14, 'P014', 'Proteína de Huevo', 'Proteína de clara de huevo', 'proteina', 28.99, 95, 1),
                                                                                                    (15, 'P015', 'Creatina Citrato', 'Creatina con mejor absorción', 'creatina', 24.99, 45, 2),
                                                                                                    (16, 'P016', 'Creatina Etil Ester', 'Creatina mejorada para la absorción', 'creatina', 23.99, 50, 2),
                                                                                                    (17, 'P017', 'Snack de Nueces', 'Barra energética con nueces', 'snacks', 2.29, 140, 3),
                                                                                                    (18, 'P018', 'Snack de Coco', 'Barra de coco y chocolate', 'snacks', 2.79, 130, 3),
                                                                                                    (19, 'P019', 'Vitamina C', 'Suplemento de vitamina C', 'vitaminas', 8.99, 85, 4),
                                                                                                    (20, 'P020', 'Vitamina E', 'Suplemento de vitamina E', 'vitaminas', 10.99, 80, 4),
                                                                                                    (21, 'P021', 'Proteína de Soja', 'Proteína vegetal de soja', 'proteina', 26.99, 70, 1),
                                                                                                    (22, 'P022', 'Proteína de Arroz', 'Proteína vegetal de arroz', 'proteina', 27.49, 75, 1),
                                                                                                    (23, 'P023', 'Creatina Nitrato', 'Creatina con nitrato para mejor rendimiento', 'creatina', 25.99, 40, 2),
                                                                                                    (24, 'P024', 'Creatina AKG', 'Creatina alfa-cetoglutarato', 'creatina', 24.49, 60, 2),
                                                                                                    (25, 'P025', 'Snack de Frutas', 'Barra con frutas deshidratadas', 'snacks', 1.79, 170, 3),
                                                                                                    (26, 'P026', 'Snack de Chocolate', 'Barra de chocolate negro', 'snacks', 2.99, 180, 3),
                                                                                                    (27, 'P027', 'Vitamina K2', 'Suplemento de vitamina K2', 'vitaminas', 13.99, 55, 4),
                                                                                                    (28, 'P028', 'Vitamina B6', 'Suplemento de vitamina B6', 'vitaminas', 7.99, 65, 4),
                                                                                                    (29, 'P029', 'Proteína de Cáñamo', 'Proteína vegetal de cáñamo', 'proteina', 31.99, 50, 1),
                                                                                                    (30, 'P030', 'Proteína de Guisante', 'Proteína vegetal de guisante', 'proteina', 29.49, 60, 1),
                                                                                                    (31, 'P031', 'Creatina Magnesio Quelato', 'Creatina con magnesio', 'creatina', 26.99, 35, 2),
                                                                                                    (32, 'P032', 'Creatina Phosphate', 'Creatina fosfato', 'creatina', 25.49, 45, 2),
                                                                                                    (33, 'P033', 'Snack de Semillas', 'Barra de semillas y miel', 'snacks', 2.49, 190, 3),
                                                                                                    (34, 'P034', 'Snack de Arándanos', 'Barra con arándanos y avena', 'snacks', 2.99, 160, 3),
                                                                                                    (35, 'P035', 'Vitamina A', 'Suplemento de vitamina A', 'vitaminas', 9.49, 75, 4),
                                                                                                    (36, 'P036', 'Vitamina B Complex', 'Complejo de vitaminas B', 'vitaminas', 11.99, 70, 4),
                                                                                                    (37, 'P037', 'Proteína de Chía', 'Proteína vegetal de chía', 'proteina', 30.99, 55, 1),
                                                                                                    (38, 'P038', 'Proteína de Altramuz', 'Proteína vegetal de altramuz', 'proteina', 28.49, 65, 1),
                                                                                                    (39, 'P039', 'Creatina Monohidrato Micronizado', 'Creatina monohidrato micronizado', 'creatina', 27.99, 50, 2),
                                                                                                    (40, 'P040', 'Creatina Kre-Alkalyn', 'Creatina con pH balanceado', 'creatina', 26.49, 45, 2),
                                                                                                    (41, 'P041', 'Snack de Cacahuetes', 'Barra energética con cacahuetes', 'snacks', 1.99, 150, 3),
                                                                                                    (42, 'P042', 'Snack de Mantequilla de Maní', 'Barra de mantequilla de maní', 'snacks', 2.79, 180, 3),
                                                                                                    (43, 'P043', 'Vitamina Zinc', 'Suplemento de zinc', 'vitaminas', 10.99, 80, 4),
                                                                                                    (44, 'P044', 'Vitamina Magnesio', 'Suplemento de magnesio', 'vitaminas', 12.49, 75, 4),
                                                                                                    (45, 'P045', 'Proteína de Algas', 'Proteína vegetal de algas', 'proteina', 32.99, 40, 1),
                                                                                                    (46, 'P046', 'Proteína de Amaranto', 'Proteína vegetal de amaranto', 'proteina', 30.49, 50, 1),
                                                                                                    (47, 'P047', 'Creatina Líquida', 'Creatina en forma líquida', 'creatina', 28.99, 30, 2),
                                                                                                    (48, 'P048', 'Creatina Effervescent', 'Creatina efervescente', 'creatina', 27.49, 35, 2),
                                                                                                    (49, 'P049', 'Snack de Pistachos', 'Barra de pistachos y miel', 'snacks', 2.49, 160, 3),
                                                                                                    (50, 'P050', 'Snack de Macadamia', 'Barra de nueces de macadamia', 'snacks', 2.99, 140, 3),
                                                                                                    (51, 'P051', 'Vitamina Omega-3', 'Suplemento de ácidos grasos omega-3', 'vitaminas', 14.99, 60, 4),
                                                                                                    (52, 'P052', 'Vitamina C con Zinc', 'Suplemento de vitamina C y zinc', 'vitaminas', 13.49, 70, 4),
                                                                                                    (53, 'P053', 'Proteína de Lentejas', 'Proteína vegetal de lentejas', 'proteina', 27.99, 55, 1),
                                                                                                    (54, 'P054', 'Proteína de Calabaza', 'Proteína vegetal de semillas de calabaza', 'proteina', 29.49, 65, 1);

