INSERT INTO entrenamiento (id, nombre, categoria, recursos_multimedia, grupo_muscular, objetivos, planificacion_frecuencia) VALUES
                                                                                                                                (1, 'Entrenamiento de Pecho Avanzado', 'musculacion', NULL, 'pecho', 'aumentar masa muscular', '3 veces por semana'),
                                                                                                                                (2, 'Mantenimiento de Piernas', 'mantinimiento', NULL, 'piernas', 'mantener tono muscular', '2 veces por semana'),
                                                                                                                                (3, 'Abdomen pesocorporal', 'pesocorporal', NULL, 'abdomen', 'reducir grasa abdominal', '4 veces por semana'),
                                                                                                                                (4, 'Cardio Completo', 'cardio', NULL, 'cuerpo completo', 'mejorar resistencia', '5 veces por semana'),
                                                                                                                                (5, 'Fuerza de Espalda', 'musculacion', NULL, 'espalda', 'aumentar fuerza', '3 veces por semana'),
                                                                                                                                (6, 'Definición de Brazos', 'mantinimiento', NULL, 'brazos', 'mantener definición', '2 veces por semana'),
                                                                                                                                (7, 'Tonificación de Piernas', 'pesocorporal', NULL, 'piernas', 'tonificar', '3 veces por semana'),
                                                                                                                                (8, 'Cardio Cardiovascular', 'cardio', NULL, 'corazón', 'mejorar salud cardiovascular', '6 veces por semana'),
                                                                                                                                (9, 'Masa Muscular Hombros', 'musculacion', NULL, 'hombros', 'aumentar masa muscular', '3 veces por semana'),
                                                                                                                                (10, 'Mantenimiento Completo', 'mantinimiento', NULL, 'cuerpo completo', 'mantener forma física', '2 veces por semana'),
                                                                                                                                (11, 'Tonificación de Glúteos', 'pesocorporal', NULL, 'glúteos', 'tonificar y levantar', '3 veces por semana'),
                                                                                                                                (12, 'Cardio de Velocidad', 'cardio', NULL, 'piernas', 'mejorar velocidad', '4 veces por semana'),
                                                                                                                                (13, 'Volumen de Tríceps', 'musculacion', NULL, 'tríceps', 'aumentar volumen', '3 veces por semana'),
                                                                                                                                (14, 'Tono Abdominal', 'mantinimiento', NULL, 'abdomen', 'mantener tono abdominal', '2 veces por semana'),
                                                                                                                                (15, 'Reducción Grasa Corporal', 'pesocorporal', NULL, 'cuerpo completo', 'reducir grasa corporal', '5 veces por semana'),
                                                                                                                                (16, 'Capacidad Pulmonar', 'cardio', NULL, 'pulmones', 'mejorar capacidad pulmonar', '5 veces por semana'),
                                                                                                                                (17, 'Masa de Bíceps', 'musculacion', NULL, 'bíceps', 'aumentar masa muscular', '3 veces por semana'),
                                                                                                                                (18, 'Fuerza de Espalda Mantenimiento', 'mantinimiento', NULL, 'espalda', 'mantener fuerza', '2 veces por semana'),
                                                                                                                                (19, 'Tonificación de Pecho', 'pesocorporal', NULL, 'pecho', 'tonificar', '3 veces por semana'),
                                                                                                                                (20, 'Resistencia General', 'cardio', NULL, 'cuerpo completo', 'mejorar resistencia general', '6 veces por semana');
INSERT INTO detalles_entrenamientos (id, volumen_repeticiones, descansos, detalles_ejercicios, identrenamiento_id) VALUES
                                                                                                                       (1, 10, 1.5, 'Press de banca, aperturas, fondos', 1),
                                                                                                                       (2, 15, 2.0, 'Sentadillas, prensa de piernas, zancadas', 2),
                                                                                                                       (3, 20, 1.0, 'Abdominales, planchas, elevaciones de piernas', 3),
                                                                                                                       (4, 30, 1.0, 'Correr, saltar la cuerda, bicicleta', 4),
                                                                                                                       (5, 10, 2.0, 'Peso muerto, remo, dominadas', 5),
                                                                                                                       (6, 12, 1.5, 'Curl de bíceps, extensiones de tríceps, flexiones de brazos', 6),
                                                                                                                       (7, 15, 2.0, 'Zancadas, elevaciones de talones, sentadillas', 7),
                                                                                                                       (8, 25, 1.0, 'Correr, natación, bicicleta', 8),
                                                                                                                       (9, 12, 1.5, 'Press militar, elevaciones laterales, remo al mentón', 9),
                                                                                                                       (10, 20, 2.0, 'Circuito de cuerpo completo', 10),
                                                                                                                       (11, 15, 1.5, 'Sentadillas, puentes, patadas de glúteos', 11),
                                                                                                                       (12, 20, 1.0, 'Sprint, correr, bicicleta', 12),
                                                                                                                       (13, 12, 2.0, 'Extensiones de tríceps, fondos, patadas', 13),
                                                                                                                       (14, 20, 1.5, 'Abdominales, planchas, torsiones rusas', 14),
                                                                                                                       (15, 30, 1.0, 'Burpees, saltos, escaladores', 15),
                                                                                                                       (16, 25, 1.0, 'Correr, nadar, saltar la cuerda', 16),
                                                                                                                       (17, 12, 1.5, 'Curl de bíceps, martillo, concentrado', 17),
                                                                                                                       (18, 15, 2.0, 'Peso muerto, remo, jalones', 18),
                                                                                                                       (19, 10, 1.5, 'Press de banca, aperturas, flexiones', 19),
                                                                                                                       (20, 30, 1.0, 'Correr, saltar la cuerda, bicicleta', 20);
INSERT INTO dieta (id, nombre, objetivos, categoria, recursos_multimedia, planificacion_frecuencia, idcontactodieta) VALUES
                                                                                                                         (51, 'Dieta Alta en Proteínas', 'Aumentar la masa muscular mediante una alta ingesta de proteínas.', 'aumentodemasamuscular', NULL, 'Diario', NULL),
                                                                                                                         (52, 'Dieta de Definición', 'Reducir el porcentaje de grasa corporal mientras se mantiene la masa muscular.', 'perdidadepeso', NULL, 'Semanal', NULL),
                                                                                                                         (53, 'Dieta para Aumento de Peso Rápido', 'Incrementar el peso corporal mediante una alta ingesta calórica.', 'aumentodepeso', NULL, 'Diario', NULL),
                                                                                                                         (54, 'Dieta de Carga de Carbohidratos para Deportistas', 'Optimizar el rendimiento deportivo mediante una alta ingesta de carbohidratos.', 'dietadeportiva', NULL, 'Mensual', NULL),
                                                                                                                         (55, 'Dieta Baja en Carbohidratos para Reducción de Grasa', 'Reducir grasa corporal manteniendo una ingesta baja en carbohidratos.', 'perdidadepeso', NULL, 'Diario', NULL),
                                                                                                                         (56, 'Dieta de Ganancia Muscular para Ectomorfos', 'Optimizar la ganancia muscular en personas con metabolismo rápido.', 'aumentodemasamuscular', NULL, 'Semanal', NULL),
                                                                                                                         (57, 'Dieta de Alta Calorías para Deportistas', 'Aumentar el rendimiento y la recuperación mediante una alta ingesta calórica.', 'dietadeportiva', NULL, 'Diario', NULL),
                                                                                                                         (58, 'Dieta de Balance de Macronutrientes para Aumento de Masa', 'Equilibrar macronutrientes para maximizar el aumento de masa muscular.', 'aumentodemasamuscular', NULL, 'Quincenal', NULL),
                                                                                                                         (59, 'Dieta Cetogénica para Perdida de Peso', 'Reducir peso con una dieta alta en grasas y baja en carbohidratos.', 'perdidadepeso', NULL, 'Mensual', NULL),
                                                                                                                         (60, 'Dieta para Aumento de Peso con Proteínas', 'Aumentar el peso corporal con una dieta rica en proteínas.', 'aumentodepeso', NULL, 'Diario', NULL),
                                                                                                                         (61, 'Dieta de Recuperación Rápida para Deportistas', 'Mejorar la recuperación post-ejercicio con una dieta específica.', 'dietadeportiva', NULL, 'Semanal', NULL),
                                                                                                                         (62, 'Dieta de Reducción de Calorías para Pérdida de Peso', 'Reducir calorías para favorecer la pérdida de peso.', 'perdidadepeso', NULL, 'Diario', NULL),
                                                                                                                         (63, 'Dieta Alta en Carbohidratos para Aumento de Masa', 'Aumentar la masa muscular con una alta ingesta de carbohidratos.', 'aumentodemasamuscular', NULL, 'Mensual', NULL),
                                                                                                                         (64, 'Dieta para Aumento de Peso en Adolescentes', 'Optimizar el aumento de peso en adolescentes mediante una dieta adecuada.', 'aumentodepeso', NULL, 'Diario', NULL),
                                                                                                                         (65, 'Dieta para Rendimiento Deportivo Máximo', 'Maximizar el rendimiento en deportes con una dieta adaptada.', 'dietadeportiva', NULL, 'Semanal', NULL),
                                                                                                                         (66, 'Dieta de Bajo Contenido en Grasa para Perdida de Peso', 'Reducir el contenido graso para facilitar la pérdida de peso.', 'perdidadepeso', NULL, 'Diario', NULL),
                                                                                                                         (67, 'Dieta Hipercalórica para Ganancia Muscular', 'Aumentar la masa muscular mediante una dieta hipercalórica.', 'aumentodemasamuscular', NULL, 'Quincenal', NULL),
                                                                                                                         (68, 'Dieta de Recuperación Post-Entrenamiento', 'Optimizar la recuperación después del entrenamiento con una dieta específica.', 'dietadeportiva', NULL, 'Mensual', NULL),
                                                                                                                         (69, 'Dieta de Reducción de Peso con Ayuno Intermitente', 'Utilizar el ayuno intermitente para perder peso.', 'perdidadepeso', NULL, 'Semanal', NULL),
                                                                                                                         (70, 'Dieta de Aumento de Masa Muscular para Endomorfos', 'Aumentar la masa muscular en personas con tendencia a ganar grasa.', 'aumentodemasamuscular', NULL, 'Diario', NULL),
                                                                                                                         (71, 'Dieta de Alto Contenido Energético para Deportistas', 'Incrementar la energía disponible para atletas mediante una dieta adecuada.', 'dietadeportiva', NULL, 'Diario', NULL),
                                                                                                                         (72, 'Dieta para Ganancia de Peso con Suplementos', 'Aumentar el peso corporal con la ayuda de suplementos específicos.', 'aumentodepeso', NULL, 'Quincenal', NULL),
                                                                                                                         (73, 'Dieta de Bajo Contenido de Calorías para Perdida de Peso', 'Reducir calorías para facilitar la pérdida de peso.', 'perdidadepeso', NULL, 'Mensual', NULL),
                                                                                                                         (74, 'Dieta de Alta en Proteínas para Deportistas', 'Optimizar el rendimiento deportivo mediante una alta ingesta de proteínas.', 'dietadeportiva', NULL, 'Diario', NULL),
                                                                                                                         (75, 'Dieta de Alta en Carbohidratos para Aumento de Peso', 'Aumentar el peso corporal con una dieta rica en carbohidratos.', 'aumentodepeso', NULL, 'Mensual', NULL),
                                                                                                                         (76, 'Dieta para Aumento de Masa Muscular con Carb. Complejos', 'Incrementar la masa muscular mediante carbohidratos complejos.', 'aumentodemasamuscular', NULL, 'Semanal', NULL),
                                                                                                                         (77, 'Dieta de Baja en Calorías y Alta en Proteínas', 'Reducir calorías mientras se mantiene una alta ingesta de proteínas.', 'perdidadepeso', NULL, 'Diario', NULL),
                                                                                                                         (78, 'Dieta de Aumento de Peso con Carbohidratos y Grasas Saludables', 'Incrementar el peso corporal con carbohidratos y grasas saludables.', 'aumentodepeso', NULL, 'Diario', NULL),
                                                                                                                         (79, 'Dieta de Recuperación de Energía para Deportistas', 'Optimizar la recuperación y los niveles de energía post-entrenamiento.', 'dietadeportiva', NULL, 'Semanal', NULL),
                                                                                                                         (80, 'Dieta para Reducción de Grasa Corporal con Ejercicio', 'Reducir la grasa corporal con una dieta adaptada al ejercicio.', 'perdidadepeso', NULL, 'Quincenal', NULL),
                                                                                                                         (81, 'Dieta de Aumento de Masa Muscular con Alta Caloría', 'Aumentar la masa muscular mediante una alta ingesta calórica.', 'aumentodemasamuscular', NULL, 'Diario', NULL),
                                                                                                                         (82, 'Dieta para Aumento de Peso con Entrenamiento de Fuerza', 'Optimizar el aumento de peso con entrenamiento de fuerza y dieta.', 'aumentodepeso', NULL, 'Mensual', NULL),
                                                                                                                         (83, 'Dieta para Rendimiento en Competencias Deportivas', 'Mejorar el rendimiento en competencias con una dieta específica.', 'dietadeportiva', NULL, 'Diario', NULL),
                                                                                                                         (84, 'Dieta de Reducción de Peso con Alto Contenido en Fibra', 'Facilitar la pérdida de peso con una alta ingesta de fibra.', 'perdidadepeso', NULL, 'Semanal', NULL),
                                                                                                                         (85, 'Dieta de Aumento de Masa Muscular con Suplementos', 'Aumentar la masa muscular con el uso de suplementos específicos.', 'aumentodemasamuscular', NULL, 'Diario', NULL),
                                                                                                                         (86, 'Dieta para Aumento de Peso con Proteínas y Carbohidratos', 'Incrementar el peso corporal con una dieta rica en proteínas y carbohidratos.', 'aumentodepeso', NULL, 'Semanal', NULL),
                                                                                                                         (87, 'Dieta de Alto Rendimiento para Atletas', 'Mejorar el rendimiento en deportes con una dieta adaptada.', 'dietadeportiva', NULL, 'Quincenal', NULL),
                                                                                                                         (88, 'Dieta de Reducción de Peso con Baja Ingesta de Grasas', 'Reducir la grasa corporal con una dieta baja en grasas.', 'perdidadepeso', NULL, 'Mensual', NULL),
                                                                                                                         (89, 'Dieta de Aumento de Masa Muscular con Carbohidratos Ricos', 'Optimizar la ganancia muscular mediante carbohidratos ricos en nutrientes.', 'aumentodemasamuscular', NULL, 'Diario', NULL),
                                                                                                                         (90, 'Dieta para Aumento de Peso con Comidas Frecuentes', 'Incrementar el peso corporal con comidas frecuentes y ricas en nutrientes.', 'aumentodepeso', NULL, 'Diario', NULL),
                                                                                                                         (91, 'Dieta de Optimización de Rendimiento Deportivo', 'Maximizar el rendimiento en deportes con una dieta específica.', 'dietadeportiva', NULL, 'Semanal', NULL),
                                                                                                                         (92, 'Dieta de Reducción de Peso con Ejercicio Intenso', 'Perder peso mediante una dieta adaptada a un ejercicio intenso.', 'perdidadepeso', NULL, 'Quincenal', NULL);

